mach,altitude,q,T_star,Pr,gamma,rho_star,mu_star,Te,Pe,rho_e,u_e,n_iter,Cf_x,q_target,q_err
4.0,27339.692455184497,20000.000000000073,649.7531915283778,0.7307669122912249,1.4,0.009574192781141688,3.257677060645233e-05,223.87261125077598,1785.7142857142924,0.02778750915021427,1199.68005868606,6,0.001556705585106672,20000.0,7.275957614183426e-11
4.0,22047.337514192586,45000.000000000095,634.2694403280971,0.7294908884561416,1.4,0.022067814359189825,3.203946139108192e-05,218.62113445482322,4017.8571428571518,0.06402372790048051,1185.5258534435964,6,0.001385719869764594,45000.0,9.458744898438454e-11
4.0,19218.212142898632,69999.99999999997,628.4608994953801,0.7290136990717737,1.4,0.03464498470523138,3.1836618248829286e-05,216.65,6249.999999999997,0.10049858212623347,1180.1692759939142,6,0.0013013677140573218,70000.0,-2.9103830456733704e-11
4.0,17270.46679841728,94999.99999999999,628.4608994751972,0.729013698964587,1.4,0.04701819368338685,3.183661822294806e-05,216.65,8482.142857142857,0.1363909328856042,1180.1692759939142,6,0.0012472832082533274,95000.0,-1.4551915228366852e-11
4.0,15781.258258293003,120000.0,628.4608994575411,0.7290136988708193,1.4,0.05939140271847268,3.1836618200306184e-05,216.65,10714.285714285716,0.1722832836449751,1180.1692759939142,6,0.0012074313967550348,120000.0,0.0
6.0,32769.71219194766,20000.0,1228.5847412452429,0.758597151579709,1.4,0.0022504168294047735,5.013544195708764e-05,230.33461357582308,793.6507936507937,0.012003526593165654,1825.3065820435659,5,0.0010375452014494114,20000.0,0.0
6.0,27339.692455184497,45000.00000000016,1194.0049969140855,0.7583345056436982,1.4,0.005210081500081073,4.9190733546997005e-05,223.87261125077598,1785.7142857142924,0.02778750915021427,1799.52008802909,6,0.0009227446235596146,45000.0,1.6007106751203537e-10
6.0,24439.511464096548,69999.99999999968,1178.5952271024894,0.7581750314972984,1.4,0.008210536471390228,4.876668455274545e-05,220.99591007176863,2777.7777777777656,0.04378767373885345,1787.9210385266233,6,0.0008659997048329305,70000.0,-3.2014213502407074e-10
6.0,22458.31778042421,94999.99999999974,1168.0544849156945,0.7580495957865084,1.4,0.01124342673080826,4.847548901175142e-05,219.0292523623732,3769.8412698412594,0.05995971424102131,1779.9478446210878,6,0.0008288352460121014,95000.0,-2.6193447411060333e-10
6.0,20955.450226594985,119999.99999999965,1160.0510172244244,0.7579450625489285,1.4,0.014300208212523285,4.825375722582749e-05,217.53659634239412,4761.904761904748,0.07625827670021844,1773.8724189674583,6,0.0008014868816050711,120000.0,-3.4924596548080444e-10
8.0,36785.42261390805,19999.999999999993,2022.80312969323,0.6659880364977898,1.4,0.000766778512998938,7.018716095548654e-05,241.45657551197732,446.42857142857133,0.0064409741383339185,2491.80740239,19,0.0007678680175426254,20000.0,-7.275957614183426e-12
8.0,31177.081919057517,45000.00000000008,1943.6852423739758,0.7101537802791726,1.4,0.0017985619271734192,6.825666144743246e-05,227.67491862885242,1004.4642857142875,0.015369435629895189,2419.649988639817,13,0.0006705951649502983,45000.0,8.003553375601768e-11
8.0,28224.120354847022,70000.00000000028,1927.1542951262245,0.7208277701760424,1.4,0.002822582508728827,6.785315192773519e-05,224.7493588509466,1562.5000000000061,0.024219221279387925,2404.0538082006115,10,0.0006273452221624662,70000.0,2.764863893389702e-10
8.0,26206.89794415168,95000.00000000029,1914.8014492447828,0.7269934188563668,1.4,0.0038559513244627508,6.755279435844745e-05,222.7492989443069,2120.535714285721,0.03316407251303387,2393.3329839812595,10,0.0005993125950730138,95000.0,2.9103830456733704e-10
8.0,24676.714891374904,119999.99999999923,1904.891057338352,0.7310744784634182,1.4,0.004896484103887455,6.731221419830873e-05,221.23129128811837,2678.5714285714116,0.04217890378928403,2385.1639150658434,10,0.0005788261809793235,120000.0,-7.712515071034431e-10
10.0,40037.00067945197,19999.999999999975,3228.2267558778913,0.7307696042506453,1.4,0.0002573611633579273,0.00010412681489572131,250.4519557856379,285.7142857142854,0.0039741672380082076,3172.2483483275596,13,0.0004965986911290819,20000.0,-2.546585164964199e-11
10.0,34217.912188117014,45000.000000000065,2986.9173088255397,0.7045538652193931,1.4,0.0006496941428592084,9.714117736251314e-05,234.34717780169166,642.8571428571439,0.00955637880988757,3068.561487745026,21,0.00045607597199371556,45000.0,6.548361852765083e-11
10.0,31207.061168633165,70000.00000000007,2769.816308455834,0.6049878466706127,1.4,0.00115997578278602,8.999929335228615e-05,227.7046058189538,1000.0000000000011,0.015299132129077799,3024.7596700904296,24,0.00046523239288757354,70000.0,7.275957614183426e-11
10.0,29161.412903762233,95000.00000000013,2713.5070248797606,0.582465985954672,1.4,0.0016404013955612267,8.801196454586429e-05,225.67824696754673,1357.1428571428592,0.020949539271394604,3011.2708219547485,17,0.00045673645357630104,95000.0,1.3096723705530167e-10
10.0,27609.67889580638,119999.99999999988,2683.077146290209,0.574064403144046,1.4,0.0021189890250742425,8.69412276753083e-05,224.1402789094852,1714.2857142857126,0.026644152373346483,3000.9925702312416,14,0.0004471265740033519,120000.0,-1.1641532182693481e-10
12.0,42786.03131218082,20000.000000000022,4391.1631105350125,0.5982895485702542,1.4,0.00012311072537197273,0.00013377255578871515,258.0499246526055,198.41269841269863,0.0026785782471219145,3864.0085663026202,14,0.0003933962020199378,20000.0,2.1827872842550278e-11
12.0,36785.42261390805,44999.999999999985,4115.5023215780975,0.6014061342451416,1.4,0.00030796507581586996,0.00012585814532039928,241.45657551197732,446.42857142857133,0.0064409741383339185,3737.711103585,13,0.00035889097148042676,45000.0,-1.4551915228366852e-11
12.0,33684.43769666255,70000.0,4008.3170883883113,0.6205253850890756,1.4,0.0004957990344747818,0.00012306636533104096,232.8692781599967,694.4444444444445,0.010388764980405906,3670.644376525037,17,0.0003350792028398547,70000.0,0.0
12.0,31606.309385105236,94999.99999999994,3954.7940724821356,0.6350186466371055,1.4,0.0006842585983189054,0.00012169285033504103,228.09993797395887,942.4603174603169,0.014393834889570337,3632.8611219289514,18,0.0003191158732049997,95000.0,-5.820766091346741e-11
12.0,30036.727223701764,120000.00000000007,3942.769195386661,0.6427323503906331,1.4,0.0008682516428577445,0.0001213538631437347,226.54546640497233,1190.4761904761913,0.018306442211745395,3620.4612205931135,18,0.0003080407763410617,120000.0,7.275957614183426e-11
