mach,altitude,q,T_star,Pr,gamma,rho_star,mu_star,Te,Pe,rho_e,u_e,n_iter,Cf_x
4.0,15000.0,135652.00468000947,628.4608994474154,0.7290136988170439,1.4,0.0671380237735691,3.183661818732118e-05,216.65,12111.786132143703,0.1947547733274636,1180.1692759939142,6,0.0011870292326399592
4.0,22500.0,41950.55297758353,635.5943030499989,0.7295998775351885,1.4,0.02052949607748059,3.208562888626343e-05,219.07064134024196,3745.585087284244,0.05956266186579713,1186.744007378233,6,0.001399742541915638
4.0,30000.0,13406.694307916694,657.5312430471272,0.7314088053804909,1.4,0.006341995164121954,3.28448519325727e-05,226.50908361133006,1197.026277492562,0.018410122227333434,1206.7234963820497,6,0.0016486494624761417
4.0,37500.0,4526.332521860363,707.5252612235903,0.7355005121468308,1.4,0.001989871802847829,3.454030692033145e-05,243.4342139191582,404.136832308961,0.0057834292453582,1250.995553326823,6,0.0019383615549798878
4.0,45000.0,1669.9247984432552,768.8644253053499,0.7402800887205417,1.4,0.0006755659305506502,3.656031883634841e-05,264.1643068959409,149.10042843243352,0.0019662709609936297,1303.1728573649102,6,0.0022542219740596323
6.0,15000.0,305217.01053002133,1155.2960421969888,0.7578795417181824,1.4,0.03652193123437465,4.812175897936084e-05,216.65,12111.786132143703,0.1947547733274636,1770.2539139908713,6,0.0007034969105724304
6.0,22500.0,94388.74419956295,1168.276368183455,0.7580523779376027,1.4,0.01116896180746343,4.848162836000691e-05,219.07064134024196,3745.585087284244,0.05956266186579713,1780.1160110673495,6,0.0008296040418345074
6.0,30000.0,30165.062192812562,1208.1192331768698,0.7584569854765741,1.4,0.003451696085063318,4.957745374248102e-05,226.50908361133006,1197.026277492562,0.018410122227333434,1810.0852445730745,5,0.0009773198299424177
6.0,37500.0,10184.248174185817,1298.5096571122474,0.7587110308136,1.4,0.0010842305736893656,5.201900865736933e-05,243.4342139191582,404.136832308961,0.0057834292453582,1876.4933299902345,5,0.0011498167226974944
6.0,45000.0,3757.330796497324,1408.5951112556297,0.7577342384035406,1.4,0.0003687470768371595,5.4920860858429154e-05,264.1643068959409,149.10042843243352,0.0019662709609936297,1954.7592860473653,6,0.0013387345943455724
8.0,15000.0,542608.0187200379,1875.2074932108171,0.7441385378288854,1.4,0.022497270713822844,6.659023230910041e-05,216.65,12111.786132143703,0.1947547733274636,2360.3385519878284,8,0.00046593928426576946
8.0,22500.0,167802.21191033412,1890.0559222515483,0.7360437317500746,1.4,0.006901509759133757,6.695239377364063e-05,219.07064134024196,3745.585087284244,0.05956266186579713,2373.488014756466,9,0.0005507854807563522
8.0,30000.0,53626.777231666776,1937.3218811822576,0.7146425755396427,1.4,0.0021506689780667393,6.810104971334925e-05,226.50908361133006,1197.026277492562,0.018410122227333434,2413.4469927640994,12,0.0006530311802608774
8.0,37500.0,18105.330087441453,2033.2042515025196,0.6591513313710801,1.4,0.0006903381519589491,7.044354376521867e-05,243.4342139191582,404.136832308961,0.0057834292453582,2501.991106653646,20,0.0007811925072452138
8.0,45000.0,6679.699193773021,2136.252663540221,0.5903300637581594,1.4,0.00024067956283887676,7.307268586885953e-05,264.1643068959409,149.10042843243352,0.0019662709609936297,2606.3457147298204,19,0.0009268987946545694
10.0,15000.0,847825.0292500592,2619.710472712072,0.5933298883362563,1.4,0.01585703131365247,8.435948051987827e-05,216.65,12111.786132143703,0.1947547733274636,2950.4231899847855,15,0.000345417740539809
10.0,22500.0,262190.95610989706,2620.1955528994167,0.5724926667764576,1.4,0.004846364390379557,8.476610684516476e-05,219.07064134024196,3745.585087284244,0.05956266186579713,2966.860018445582,10,0.0004069731424363533
10.0,30000.0,83791.83942447933,2733.857541899289,0.5897465645517643,1.4,0.0014254068548496357,8.873029080355826e-05,226.50908361133006,1197.026277492562,0.018410122227333434,3016.8087409551244,20,0.00046092741661022746
10.0,37500.0,28289.57826162727,3151.265431494063,0.7410387862238617,1.4,0.0003758283366203373,0.00010202721405148737,243.4342139191582,404.136832308961,0.0057834292453582,3127.4888833170576,6,0.00047237062481296694
10.0,45000.0,10437.029990270345,3352.6302484591088,0.6948390947781148,1.4,0.0001284631734970058,0.00010732557506814478,264.1643068959409,149.10042843243352,0.0019662709609936297,3257.9321434122758,16,0.0005520861728731928
12.0,15000.0,1220868.0421200853,3895.2714696515527,0.7128037135269408,1.4,0.009103847454467679,0.00011948303206053329,216.65,12111.786132143703,0.1947547733274636,3540.5078279817426,13,0.00021920631419837443
12.0,22500.0,377554.9767982518,3887.909948918637,0.6839498557446758,1.4,0.0027916021775069477,0.00011976154123323952,219.07064134024196,3745.585087284244,0.05956266186579713,3560.232022134699,18,0.00025891632658505076
12.0,30000.0,120660.24877125025,3942.4922688389165,0.6429172544316369,1.4,0.0008731200684403702,0.00012134604481186819,226.50908361133006,1197.026277492562,0.018410122227333434,3620.170489146149,18,0.0003077848650003728
12.0,37500.0,40736.99269674327,4142.273978354991,0.5982077563048059,1.4,0.0002762902020752403,0.0001265747803605657,243.4342139191582,404.136832308961,0.0057834292453582,3752.986659980469,12,0.00036411714025175797
12.0,45000.0,15029.323185989297,4559.329053775789,0.6259041044007251,1.4,8.514627335217361e-05,0.00013921809910303023,264.1643068959409,149.10042843243352,0.0019662709609936297,3909.5185720947306,24,0.0003916704767695677
